action	min_reward	mean_reward	max_reward
0	0.0	1.224026169064426	6.564312482579681
1	0.0	0.22519374591160807	1.6530297931309765
2	0.0	0.09938837745166747	0.8051539384181663
