action	min_reward	mean_reward	max_reward
0	0.0	1.2358305607605211	5.677097835124771
1	0.0	0.2697666650700851	1.9299714058638433
2	0.0	0.15604122074517174	0.9584644009640338
