strategy	regret
uniform	681.9510785685951
just-0	0.0
just-1	966.0638956904361
just-2	1079.7893400153494
actual	428.60565049929096
