strategy	regret
uniform	707.8234049218589
just-0	0.0
just-1	998.832423152818
just-2	1124.6377916127585
actual	37.349436811087344
